id,pagerank
0,6.558935361216732
93,1.1723700887198985
39,1.1723700887198985
12,1.1723700887198985
1,1.1723700887198985
17,1.1723700887198985
28,1.1723700887198985
53e99784b7602d9701f3e15d,0.6337135614702155
53e99784b7602d9701f3f177,0.6337135614702155
53e99784b7602d9701f3e15d,0.6337135614702155
53e99784b7602d9701f3f177,0.6337135614702155
53e99784b7602d9701f3e15d,0.6337135614702155
53e99784b7602d9701f3f177,0.6337135614702155
53e99784b7602d9701f3e165,0.6337135614702155
53e99784b7602d9701f3f177,0.6337135614702155
53e99784b7602d9701f3e133,0.6337135614702155
53e99784b7602d9701f3f177,0.6337135614702155
53e99784b7602d9701f3e133,0.6337135614702155
53e99784b7602d9701f3f177,0.6337135614702155
53e99784b7602d9701f3e133,0.6337135614702155
53e99784b7602d9701f3f177,0.6337135614702155
53e99784b7602d9701f3e133,0.6337135614702155
53e99784b7602d9701f3f177,0.6337135614702155
53e99784b7602d9701f3e133,0.6337135614702155
53e99784b7602d9701f3f4d2,0.6337135614702155
53e99784b7602d9701f3eaf2,0.6337135614702155
53e99784b7602d9701f3f327,0.6337135614702155
53e99784b7602d9701f3eaf2,0.6337135614702155
53e99784b7602d9701f3e161,0.6337135614702155
53e99784b7602d9701f3f0b9,0.6337135614702155
53e99784b7602d9701f3eaf6,0.6337135614702155
53e99784b7602d9701f3f0b9,0.6337135614702155
53e99784b7602d9701f3eaf6,0.6337135614702155
53e99784b7602d9701f3f0b9,0.6337135614702155
53e99784b7602d9701f3e151,0.6337135614702155
53e99784b7602d9701f3f0b9,0.6337135614702155
53e99784b7602d9701f3e151,0.6337135614702155
53e99784b7602d9701f3e922,0.6337135614702155
53e99784b7602d9701f3f8c1,0.6337135614702155
53e99784b7602d9701f3e922,0.6337135614702155
53e99784b7602d9701f3f8c1,0.6337135614702155
53e99784b7602d9701f3e922,0.6337135614702155
53e99784b7602d9701f3f8c1,0.6337135614702155
53e99784b7602d9701f3e922,0.6337135614702155
53e99784b7602d9701f3f4d1,0.6337135614702155
53e99784b7602d9701f3e4f4,0.6337135614702155
53e99784b7602d9701f3e162,0.6337135614702155
53e99784b7602d9701f3f326,0.6337135614702155
53e99784b7602d9701f3eaf4,0.6337135614702155
